name,longitude,latitude
Central Park West & W 72 St,-73.9762057363987,40.77579376683666
Jerome Ave & Anderson Ave,-73.928747,40.830179
E 40 St & Park Ave,-73.978326,40.750756
E 51 St & Lexington Ave,-73.97207836,40.75714758
Bushwick Ave & Stagg St,-73.94008,40.709897
Duane St & Hudson St,-74.00925,40.71703
Loring Pl North & W 183 St,-73.9093359997,40.8604244
3 Ave & E 71 St,-73.9614,40.76879
W 171 St & St Nicholas Ave,-73.938631,40.842941
Adam Clayton Powell Blvd & W 126 St,-73.94776493310928,40.80949534777948
E 65 St & 2 Ave,-73.96222069859505,40.76471851944339
E 58 St & 1 Ave (NE Corner),-73.96226227283478,40.75892386377695
Division St & Bowery,-73.996732,40.714193
Vesey St & Church St,-74.01047229766846,40.71221958009051
21 St & 23 Ave,-73.919046,40.778557
Riverside Dr & W 148 St,-73.950426,40.829114
Lexington Ave & E 127 St,-73.936322,40.805726
Menahan St & Seneca Ave,-73.91054,40.70461
Sherman Ave & Thayer St,-73.926994,40.863124
Morris Ave & E 171 St,-73.9109,40.83899
Broadway & Roebling St,-73.96063148975372,40.70924826276157
Sunken Meadow Comfort Station,-73.91906,40.79558
Broadway & W 157 St,-73.94510813442648,40.83402740143528
W 12 St & Hudson St,-74.00558933615685,40.73752993301071
E 5 St & Cooper Sq,-73.990993,40.72769
W 35 St & Dyer Ave,-73.99740189313889,40.754691750226016
W 100 St & Broadway,-73.97041192,40.7973721
Kent Ave & Grand St,-73.96594,40.716425
Lenox Ave & W 146 St,-73.935971,40.821111
Fort Washington Ave & W 173 St,-73.940493,40.84522
St James Pl & Pearl St,-74.00016545,40.71117416
43 St & Skillman Ave,-73.9208248257637,40.74692675687384
N Henry St & Norman Ave,-73.94395,40.7277
Central Ave & Melrose St,-73.93039,40.70112
E 59 St & Madison Ave,-73.97109243,40.76350532
W Tremont Ave & Montgomery Ave,-73.916418,40.851788
E 45 St & 3 Ave,-73.97282625,40.75255434
Madison St & Seneca Ave,-73.90625,40.70183
Green St & McGuinness Blvd,-73.95204,40.73396
Vernon Blvd & 41 Rd,-73.9485678,40.7552433
Marble Hill Ave & W 225 St,-73.91099,40.87471
Woodward Ave & Harman St,-73.91092,40.70793
4 Ave & E 12 St,-73.99011,40.732647
E 170 St & Sheridan Ave,-73.912604,40.838315
Morris Ave & E 142 St,-73.924963,40.814469
23 Ave & 31 St,-73.91274864321404,40.77423301703027
Broadway & Berry St,-73.96530389785767,40.71036129922581
St Ann's Ave & Bruckner Blvd,-73.919763,40.803399
E 33 St & 5 Ave,-73.98490707,40.74765947
Walton Ave & E 168 St,-73.918316,40.83649
Riverside Dr & W 82 St,-73.98128127,40.78720869
Amsterdam Ave & W 175 St,-73.933651,40.844044
8 Ave & W 49 St,-73.98655101656914,40.76171227910671
Park Ave & E 162 St,-73.915585,40.825716
Whitehall St & Bridge St,-74.0131813287735,40.70366170524135
Broadway & W 48 St,-73.98486793041229,40.76017739537783
Lexington Ave & E 24 St,-73.98409214,40.74025878
W 35 St & 8 Ave,-73.99280458705107,40.752762088742045
E 48 St & 5 Ave,-73.97805914282799,40.75724567911726
Canal St & Rutgers St,-73.98990025,40.71427487
Meserole Ave & Manhattan Ave,-73.95299117,40.72708584
34 Ave & 21 St,-73.9342862,40.7628138
19 St & 24 Ave,-73.9225403,40.7774552
W 74 St & Columbus Ave,-73.97754961,40.7785669
Grand Ave & 58 Ave,-73.90701,40.72098
Nagle Ave & Ellwood St,-73.928489,40.86012
India St Pier,-73.9612390102593,40.731734785883454
Clinton St & Cherry St,-73.98672603070736,40.711471394469264
E 7 St & Ave A,-73.98379855,40.72621788
56 Dr & 59 St,-73.90853,40.72403
1 Ave & E 110 St,-73.9383,40.7923272
W 4 St & 7 Ave S,-74.00293877,40.73401143
Harrison St & Hudson St,-74.0090009,40.71870987
Flushing Ave & Woodward Ave,-73.91873,40.71246
West End Ave & W 94 St,-73.974124,40.7941654
Central Ave & Flushing Ave,-73.9333,40.702831
Isham St & Broadway,-73.919685,40.86788
Stanton St & Mangin St,-73.97628939,40.71782143
Hart St & Wyckoff Ave,-73.919911,40.704876
5 Ave & W 131 St,-73.93973,40.81014
E 15 St & 3 Ave,-73.986923,40.734232
Broadway & W 38 St,-73.98734897375107,40.7529728216068
MacDougal St & Washington Sq,-73.99852205,40.73226398
E 174 St & Walton Ave,-73.912042,40.844811
E 56 St & Madison Ave,-73.972628,40.761573
W Broadway & Watts St,-74.00314,40.72323
35 St & 23 Ave,-73.91119033098221,40.77301508291382
Riverside Dr & W 72 St,-73.98562431335449,40.78057799010334
E 85 St & York Ave,-73.94803392,40.77536905
W 47 St & 6 Ave,-73.98255,40.758397
Morris Ave & E 153 St,-73.921411,40.820036
Ogden Ave & Merriam Ave,-73.925961,40.839142
Broadway & W 53 St,-73.98268129,40.76344058
India St & Manhattan Ave,-73.9550858,40.73232194
W 92 St & Broadway,-73.9739,40.7921
Stagg St & Morgan Ave,-73.93372,40.710681
Borden Ave & Review Ave,-73.94093804061413,40.73866345465306
River Ave & E 153 St,-73.92818,40.82441
Amsterdam Ave & W 186 St,-73.928808,40.851113
Morris Ave & E 163 St,-73.91765579597632,40.827230499624726
Grand Concourse & E 164 St,-73.921461,40.829608
E 93 St & 2 Ave,-73.9489196240902,40.782454175279874
Calyer St & West St,-73.95863,40.72693
49 St & 31 Ave,-73.909831,40.758057
Kent Ave & Division Ave,-73.9683187007904,40.706563674670925
39 St & Queens Blvd,-73.92601,40.74431
Lee Ave & Taylor St,-73.961241,40.706732
E 144 St & Brook Ave,-73.917037,40.811675
Grand St & Elizabeth St,-73.99596,40.718822
Devoe St & Morgan Ave,-73.93515,40.713811
Taylor St & Bedford Ave,-73.963252,40.705774
Bailey Ave & Sedgwick Ave,-73.90857,40.86571
W 133 St & 12 Ave,-73.959089,40.820003
Ogden Ave & W 165 St,-73.928381,40.834457
W 163 St & Riverside Dr,-73.945446,40.839278
Macombs Rd & W 175 St,-73.916082,40.848177
W 190 St & Broadway,-73.93296986818314,40.85648733523576
Morton St & Washington St,-74.00887,40.73115
W 25 St & 6 Ave,-73.99144871,40.74395411
W 26 St & 10 Ave,-74.002950346,40.749717753
Shakespeare Ave & W 169 St,-73.922423,40.839312
Steinway St & Broadway,-73.91897544264793,40.75905795418586
Sedgwick Ave & W Tremont Ave,-73.91830623149872,40.85304455868985
W 67 St & Broadway,-73.98266566,40.77492513
E 53 St & 3 Ave,-73.96930575370789,40.75763227739443
W 37 St & 10 Ave,-73.9979009,40.75660359
Broad St & Bridge St,-74.01167797,40.70365182
34 St & 48 Ave,-73.93147185444832,40.740821207823245
E 78 St & 2 Ave,-73.95577801,40.7727966
E 128 St & Madison Ave,-73.939182,40.80756
E 68 St & 3 Ave,-73.96224617958069,40.76712840349542
Ave D & E 12 St,-73.97422494,40.72580614
St Nicholas Ave & Manhattan Ave,-73.953149,40.809725
E 31 St & 3 Ave,-73.97966069,40.74394314
Edgecombe Ave & W 145 St,-73.94386,40.823498
W 148 St & Amsterdam Ave,-73.945909,40.827075
Cherry St,-73.97948148,40.71219906
W 107 St & Columbus Ave,-73.9621128676,40.7997568
Cauldwell Ave & E 161 St,-73.907521,40.82188
Sedgwick Ave & Hall of Fame Terrace,-73.913303,40.859532
Rivington St & Ridge St,-73.98329859,40.71850211
Stanhope St & Fairview Ave,-73.91116,40.70998
W 50 St & 9 Ave,-73.98917958140373,40.76360467795863
Columbia Heights & Cranberry St,-73.99548059,40.70037867
E 98 St & Park Ave,-73.95206,40.78813
Goble Pl & Macombs Rd,-73.917256,40.844075
Nassau Ave & Newell St,-73.94752621650696,40.724812564400175
9 St & 44 Rd,-73.9521,40.74966
West Thames St,-74.01713445,40.70834698
Broadway & Morris St,-74.01321887969969,40.705945132708806
E 95 St & 3 Ave,-73.950503,40.7849032
Grand Concourse & E 161 St,-73.9227358996868,40.82713380423556
Pinehurst Ave & W 187 St,-73.937878,40.855331
Cauldwell Ave & E 158 St,-73.908351,40.81989
Amsterdam Ave & W 156 St,-73.942386,40.832081
Warren St & W Broadway,-74.00910627,40.71473993
E 88 St & Park Ave,-73.95595908164978,40.781410700190015
Pleasant Ave & E 120 St,-73.9311847,40.7974772
8 St & Astoria Blvd,-73.93266275525093,40.7725996921817
Berry St & N 8 St,-73.95852515,40.7190095
E 54 St & 1 Ave,-73.964179,40.756265
Convent Ave & W 135 St,-73.950988,40.818215
37 Ave & 35 St,-73.9279917,40.7531106
Clinton St & Grand St,-73.9870295,40.71559509
8 Ave & W 33 St,-73.993934,40.751551
Franklin St & Dupont St,-73.95866,40.73564
Broadway & W 165 St,-73.941409,40.839137
Kingsland Ave & Nassau Ave,-73.94173,40.72577
E 14 St & Ave B,-73.97772429,40.72938685
Walker St & Baxter St,-73.999573,40.717411
Broadway & W 138 St,-73.95353,40.82182
Grand St & Havemeyer St,-73.95698119,40.71286844
Amsterdam Ave & W 162 St,-73.939789,40.83618
Graham Ave & Withers St,-73.94485918,40.7169811
Division Ave & Marcy Ave,-73.95796783,40.70708701
Amsterdam Ave & W 180 St,-73.931205,40.847396
E 138 St & Park Ave,-73.92924964427948,40.81263616769319
Barrow St & Hudson St,-74.00674436,40.73172428
Crescent St & 35 Ave,-73.9321455,40.7596276
Sheridan Ave & E 168 St,-73.9154,40.835334
Broadway & W 192 St,-73.932173,40.857994
Richardson St & N Henry St,-73.94223690032959,40.71907891179564
Park Ave & E 124 St,-73.9396861,40.8045555
W 52 St & 5 Ave,-73.97648516,40.75992262
E 3 St & 1 Ave,-73.98783413,40.72467721
Greenpoint Ave & Manhattan Ave,-73.95394,40.73026
39 St & 50 Ave,-73.92737478017807,40.73824937345944
Madison Ave & E 99 St,-73.95242929458618,40.78948541553215
Broadway & Ellwood St,-73.929719,40.862058
Alexander Ave & E 134 St,-73.927107,40.807466
Rivington St & Chrystie St,-73.9919254,40.72110063
Wilson Ave & Troutman St,-73.92754,40.70166
E 138 St & 5 Ave,-73.936153,40.81449
Fort Washington Ave & W 190 St,-73.935662,40.856906
Broadway & Moylan Pl,-73.9590255,40.8143256
5 Ave & E 87 St,-73.95987510681152,40.78232260730881
Bridge St & Water St,-73.98469090461731,40.70296934155272
Melrose Ave & E 150 St,-73.917338,40.816827
44 St & Greenpoint Ave,-73.92103672027588,40.741119944681465
S 4 St & Roebling St,-73.959724,40.710709
E 106 St & Lexington Ave,-73.945993,40.791976
Morningside Dr & Amsterdam Ave,-73.95736455917358,40.81028506306003
Columbus Ave & W 72 St,-73.97898475,40.7770575
31 St & Hoyt Ave N,-73.9170074,40.7711528
E 147 St & Bergen Ave,-73.91839,40.814673
N 7 St & Driggs Ave,-73.956388,40.716967
Riverside Dr & W 78 St,-73.98362492,40.78414472
South St & Gouverneur Ln,-74.00670227,40.70355377
E 5 St & Ave C,-73.97995466,40.72299208
9 Ave & W 204 St,-73.91855701804161,40.86169883507865
E 35 St & Madison Ave,-73.98255586624146,40.74848023448579
E 7 St & Ave B,-73.98131668567657,40.7251285241158
W 59 St & 10 Ave,-73.988038,40.770513
Nassau Ave & Russell St,-73.94434,40.72557
34th Ave & Vernon Blvd,-73.93986314535141,40.76535380385866
46 St & 28 Ave,-73.908782,40.763328
South St & Broad St,-74.01089876890182,40.70188858913366
Greenwich Ave & Charles St,-74.000271,40.735238
Suydam St & St Nicholas Ave,-73.91945,40.70636
Madison Ave & E 120 St,-73.942954,40.80295
E 20 St & Park Ave,-73.98751968,40.73827428
Dyckman St & Staff St,-73.931537,40.868846
W 25 St & 8 Ave,-73.99732626293645,40.74649996333341
37 St & 24 Ave,-73.9120938,40.7701477
E 84 St & 1 Ave,-73.95068615,40.77565541
Mount Eden Pkwy & Eastburn Ave,-73.908544,40.842675
35 St & 30 Ave,-73.91811579465866,40.76547569244953
Brook Ave & E 141 St,-73.917875,40.809619
W 34 St & Hudson Blvd E,-74.00059908628464,40.75516719072139
31 St & Thomson Ave,-73.93540375,40.74469738
Banker St & Meserole Ave,-73.95621,40.72606
W 15 St & 6 Ave,-73.99642959237099,40.738046142482766
Convent Ave & W 151 St,-73.942924,40.82831
Broadway & W 41 St,-73.98658032,40.75513557
55 Dr & Maurice Ave,-73.90917,40.7261
3 Ave & E 109 St,-73.94329,40.79338
E 6 St & Ave B,-73.98185424,40.72453734
Montrose Ave & Bushwick Ave,-73.94016171,40.70767788
6 Ave & Walker St,-74.0052238852195,40.7197920901383
W 211 St & 10 Ave,-73.9172950387001,40.86709406268147
W 21 St & 6 Ave,-73.99415556,40.74173969
E 106 St & Madison Ave,-73.94945003,40.7934337
21 St & Hoyt Ave S,-73.923706,40.774645
Broadway & E 19 St,-73.98987293243407,40.73866091428551
Railroad Ave & Kay Ave,-73.97078096866608,40.70514807698391
34 Ave & 13 St,-73.9364848,40.7638753
Wards Meadow Comfort Station,-73.93077,40.78294
Stanton St & Norfolk St,-73.986274,40.720747
St Nicholas Ave & W 137 St,-73.947568,40.818477
Central Park West & W 68 St,-73.97782542,40.7734066
W 18 St & 6 Ave,-73.99456405,40.73971301
W 40 St & 7 Ave,-73.988154,40.754818
W 90 St & Amsterdam Ave,-73.97288918495178,40.79017948095081
Weeks Ave & E 175 St,-73.907342,40.846879
Howard St & Lafayette St,-73.99973337,40.71910537
Central Park West & W 76 St,-73.97374737,40.77896784
Central Park S & 6 Ave,-73.97634151,40.76590936
Amsterdam Ave & W 125 St,-73.956461,40.813358
Fulton St & Broadway,-74.009447,40.711066
Catherine St & Monroe St,-73.99682619,40.71117444
1 Ave & E 6 St,-73.98616880178452,40.72633085971696
34 Ave & 31 St,-73.92714411020279,40.759604471387945
Washington Square E,-73.9957214,40.73049393
Seaman Ave & Beak St,-73.926363,40.867505
W Tremont Ave & Grand Ave,-73.912785,40.850036
Woodside Ave & 55 St,-73.90893,40.74679
Skillman Ave & 54 St,-73.909887,40.745502
31 Ave & 34 St,-73.920827,40.763154
Gerard Ave & McClellan St,-73.92112,40.833909
Jackson Ave & 46 Rd,-73.94733276,40.74524768
31 Ave & Steinway St,-73.9170071,40.7611488
E 63 St & 3 Ave,-73.9646,40.763954
George St & Wilson Ave,-73.92997,40.702997
Vernon Blvd & 31 Ave,-73.9354504,40.7692475
5 Ave & E 78 St,-73.96427392959595,40.77632142182271
W Broadway & Spring St,-74.00165855884552,40.72494672359416
Morris Ave & McClellan St,-73.9149,40.831584
University Pl & E 8 St,-73.99490341544151,40.73143724085228
Roosevelt Island Tramway,-73.9536,40.757284
N Moore St & Hudson St,-74.00844320654869,40.71996118117138
Lafayette St & Grand St,-73.99879,40.72028
E 102 St & Park Ave,-73.95033068,40.7904828
Broadway & W 168 St,-73.93972098827362,40.84089603193041
William St & Pine St,-74.00887308,40.70717936
Market St & Henry St,-73.99446353316307,40.71310702305908
Dock St & Front St,-73.99253,40.702709
Amsterdam Ave & W 183 St,-73.93022,40.84925
Broadway & W 133 St,-73.956156,40.8190344
28 St & 36 Ave,-73.932719,40.757186
Amsterdam Ave & W 79 St,-73.9786517,40.7829391
Front St & Gold St,-73.982578,40.70224
Jerome Ave & Ogden Ave,-73.931015,40.829797
Irving Ave & Jefferson St,-73.92535,40.70538
Edgecombe Ave & W 141 St,-73.945144,40.820681
S 4 St & Rodney St,-73.95608,40.70934
2 Ave & E 125 St,-73.933509,40.802554
Wythe Ave & N 13 St,-73.957021,40.722767
Central Park W & W 91 St,-73.96680057048798,40.78866499127884
Hudson St & W 13 St,-74.0052741765976,40.74005708567285
46 St & 30 Rd,-73.910989,40.76072
E 89 St & York Ave,-73.946041,40.7779453
Washington Pl & 6 Ave,-74.00026394,40.73224119
Franklin St & W Broadway,-74.00666661,40.71911552
49 Ave & 21 St,-73.948852,40.74252
E 156 St & Brook Ave,-73.912411,40.819823
58 St & 56 Dr,-73.91244,40.72419
W 11 St & 6 Ave,-73.99800419,40.73532427
St Ann's Ave & Westchester Ave,-73.911918,40.815887
Ogden Ave & W 164 St,-73.929372,40.832812
8 Ave & W 52 St,-73.9851615,40.76370739
10 Ave & W 202 St,-73.921417593956,40.861281970750994
St Nicholas Terrace & Convent Ave,-73.947868,40.821294
W 42 St & 8 Ave,-73.99098507,40.7575699
Calyer St & Guernsey St,-73.95505852997303,40.72755807335852
5 St & 51 Ave,-73.9566,40.7423737
Lenox Ave & W 130 St,-73.9430681,40.8107922
E 1 St & Bowery,-73.99213135242462,40.72486122254819
39 Ave & 45 St,-73.91826465725897,40.74947822183477
W 180 St & Ft Washington Ave,-73.938423,40.849972
W 84 St & Amsterdam Ave,-73.9756,40.78621
E 14 St & 1 Ave,-73.98286700248718,40.73139303364151
33 St & 47 Ave,-73.9321,40.74283
34 Ave & 45 St,-73.917014,40.754795
E 170 St & Clay Ave,-73.908345,40.837213
Manhattan Ave & Leonard St,-73.94844,40.72084
46 St & Queens Blvd,-73.91860529780388,40.74349759836971
Cathedral Pkwy & Broadway,-73.96699104,40.804213
E 58 St & 1 Ave (NW Corner),-73.962658,40.759125
W 170 St & University Ave,-73.926075,40.84207
Huron St & Franklin St,-73.95826,40.73266
E 123 St & Lexington Ave,-73.9379,40.8029263
Allen St & Hester St,-73.99190759,40.71605866
Lexington Ave & E 120 St,-73.9398167,40.8013066
Roebling St & N 4 St,-73.95739,40.71469
E 91 St & 2 Ave,-73.94963040947914,40.78115276427916
Adam Clayton Powell Blvd & W 138 St,-73.9422959089279,40.81695971032464
Frost St & Debevoise Ave,-73.93948,40.71882
Pike St & E Broadway,-73.99293911,40.71406667
Ave A & E 14 St,-73.98047178983688,40.73031071000895
Broadway & Battery Pl,-74.01361706,40.70463334
11 Ave & W 59 St,-73.99046033620834,40.77149671054441
Greenwich Ave & 8 Ave,-74.0026376103,40.7390169121
Lenox Ave & W 144 St,-73.936521,40.819783
2 Ave & E 104 St,-73.94370784,40.7892105
E 118 St & Park Ave,-73.9419949,40.8005385
27 Ave & 9 St,-73.9309134,40.7739825
Central Park West & W 85 St,-73.969862,40.78476
35 St & 21 Ave,-73.906558,40.776745
McKibbin St & Bogart St,-73.933871,40.706237
11 Ave & W 27 St,-74.005226,40.751396
Lafayette St & E 8 St,-73.99102628231049,40.73020660529954
Allen St & Rivington St,-73.98997825,40.72019576
W 43 St & 6 Ave,-73.98316936,40.75527307
Adam Clayton Powell Blvd & W 132 St,-73.94521,40.813539
Amsterdam Ave & W 136 St,-73.951819,40.819746
E 68 St & Madison Ave,-73.96703464,40.7691572
20 Ave & 21 St,-73.912297,40.784003
Greenpoint Ave & Monitor St,-73.94383,40.73224
3 Ave & E 72 St,-73.96060712,40.7699426
Walton Ave & E 151 St,-73.92753845245076,40.82090903827738
Broadway & 49 St,-73.911517,40.755389
Cypress Ave & Palmetto St,-73.90876293182373,40.70157340873792
E 27 St & 1 Ave,-73.976806,40.739445
Cedar Ave & W Fordham Rd,-73.91219,40.86156
31 St & Broadway,-73.925921,40.761584
Queens Blvd & 56 St,-73.90913,40.74193
E 141 St & St Ann's Ave,-73.916124,40.808633
E 89 St & 3 Ave,-73.9521667,40.7806284
9 Ave & W 39 St,-73.99410143494606,40.756403523272496
21 Ave & Shore Blvd,-73.916894,40.783956
S 5 Pl & S 5 St,-73.960876,40.710451
48 St & 37 Ave,-73.915026,40.751555
Andrews Ave S & W 179 St,-73.91278,40.855156
Seaman Ave & Isham St,-73.92076313495636,40.86989866194045
E 155 St & Courtlandt Ave,-73.917579,40.82057
Lenox Ave & W 133 St,-73.941878,40.81296
20 Ave & 31 St,-73.90667617321014,40.78001336610564
E Tremont Ave & Jerome Ave,-73.908964,40.851747
E 165 St & Clay Ave,-73.91288,40.82809
W 49 St & 8 Ave,-73.98788205,40.76227205
Wadsworth Ave & W 179 St,-73.936064,40.848467
43 Ave & 40 St,-73.92402,40.74562
Knickerbocker Ave & Thames St,-73.92976,40.70539
Leonard St & Nassau Ave,-73.94984364509583,40.7239567849954
E 157 St & River Ave,-73.927311,40.825737
Adam Clayton Powell Blvd & W 141 St,-73.941057,40.819241
Riverside Blvd & W 67 St,-73.98888587951659,40.777507027547976
N 10 St & Berry St,-73.957082,40.720253
Riverside Dr & W 145 St,-73.951989,40.827305
E 75 St & 3 Ave,-73.95772297,40.77112927
W Burnside Ave & University Ave,-73.912498,40.853686
Leonard St & Church St,-74.005549,40.717571
Adam Clayton Powell Blvd & W 115 St,-73.9532423,40.802535
51 St & 43 Ave,-73.91412,40.74451
8 Ave & W 31 St,-73.9946848154068,40.7505853470215
38 St & 30 Ave,-73.91583994030952,40.764174520197685
Concourse Village West & E 156 St,-73.923267,40.823162
W 116 St & Broadway,-73.9641,40.8082
Lorimer St & Broadway,-73.94818595,40.70411791
Audubon Ave & W 192 St,-73.92708241939545,40.85589030603889
39 Dr & 52 St,-73.91197,40.74732
Hamilton Pl & W 140 St,-73.951346,40.822756
Driggs Ave & Lorimer St,-73.9504154,40.72179134
53 St & Flushing Ave,-73.91405,40.71435
W 56 St & 8 Ave,-73.98313522338867,40.765959181657976
W 145 St & Amsterdam Ave,-73.947257,40.825244
FDR Drive & E 35 St,-73.97121214,40.744219
Gansevoort St & Hudson St,-74.00520807425661,40.73937600789778
E 170 St & Webster Ave,-73.90730146322765,40.83617913677475
2 Ave & E 96 St,-73.9471673,40.7839636
Southern Blvd & E 142 St,-73.90809774398804,40.807347437082
30 Ave & 12 St,-73.93159255385399,40.77171710520828
Madison St & Clinton St,-73.98776323,40.71269042
Riverside Dr & W 104 St,-73.9711457439,40.8013434
E 115 St & Lexington Ave,-73.9423,40.797911
W 18 St & 9 Ave,-74.00367558002472,40.7435337324616
7 Ave & W 55 St,-73.980973,40.764126
Suydam St & Knickerbocker Ave,-73.923769,40.702013
E 48 St & 3 Ave,-73.971878855,40.7546011026
E 94 St & Madison Ave,-73.95482444378061,40.78585105291389
Little West St & 1 Pl,-74.01677685,40.70569254
31 St & Ditmars Blvd,-73.910485,40.776168
E 20 St & FDR Dr,-73.9756813647,40.733208626522426
E 116 St & 2 Ave,-73.937261,40.796879
E 11 St & 1 Ave,-73.98426726,40.72953837
Lexington Ave & E 29 St,-73.98215353488922,40.74311555376486
48 Ave & 5 St,-73.9558732509613,40.74436328706688
Popham Ave & W 174 St,-73.922079,40.847746
43 Ave & 42 St,-73.9219419658184,40.74534682580983
E 12 St & 3 Ave,-73.98889957,40.73223272
Brook Ave & E 138 St,-73.91924,40.807408
Vernon Blvd & 10 St,-73.9373554,40.7671863
23 Rd & 31 St,-73.91382560133934,40.77336750284339
30 Ave & 47 St,-73.909562,40.761294
W 43 St & 10 Ave,-73.99461843,40.76009437
Wadsworth Ave & W 175 St,-73.937648,40.846052
Bronx Shore Comfort Station,-73.92404,40.80046
Broadway & W 25 St,-73.98918628692627,40.74286877312112
W 20 St & 10 Ave,-74.005141,40.745686
6 Ave & Canal St,-74.00566443,40.72243797
E 81 St & 1 Ave,-73.95197331905365,40.77377781072322
E 118 St & 3 Ave,-73.9389152,40.799139
Wyckoff Ave & Jefferson St,-73.923711,40.707165
W 25 St & 9 Ave,-74.0005722643582,40.74783260583772
Manhattan Ave & Devoe St,-73.9459867,40.713532
University Pl & E 14 St,-73.992085,40.734814
48 Ave & 41 St,-73.92400324344635,40.73985995699164
57 St & Grand Ave,-73.9124,40.71921
Scholes St & Lorimer St,-73.948732,40.708323
Walnut Ave & E 136 St,-73.909513,40.801657
Ave D & E 8 St,-73.97574813,40.72368361
30 St & 48 Ave,-73.937999,40.7413272
Greenpoint Ave & West St,-73.959099,40.729803
Spring St & Hudson St,-74.0076532959938,40.72583996792375
Old Fulton St,-73.99383605,40.70277159
Mercer St & Spring St,-73.99949601,40.72362738
W 45 St & 8 Ave,-73.98859651,40.75929124
Grand Concourse & E Mount Eden Ave,-73.91172,40.84301
E 27 St & Park Ave S,-73.9847157150507,40.74275179648995
E 53 St & Lexington Ave,-73.97069431,40.75828065
Wythe Ave & Metropolitan Ave,-73.963198,40.716887
Broadway & E 21 St,-73.98958593606949,40.73988840858996
W 46 St & 11 Ave,-73.99667444,40.76341379
Davidson Ave & W Burnside Ave,-73.908731,40.853646
Hudson St & Reade St,-74.0091059,40.71625008
24 Ave & 29 St,-73.916142,40.7729
Broadway & W 185 St,-73.93441,40.852538
21 St & 43 Ave,-73.94594845,40.75052534
W 10 St & Washington St,-74.00851495563984,40.73342399437081
E 81 St & 3 Ave,-73.9567526,40.77573034
E 16 St & 5 Ave,-73.99238967,40.73726186
43 Ave & 47 St,-73.91728967428207,40.7448062877224
Morgan Ave & Maspeth Ave,-73.93637,40.716657
St Marks Pl & 2 Ave,-73.98713956,40.7284186
N 5 St & Northside Piers,-73.963865,40.719876
Center Blvd & 51 Ave,-73.95960688591003,40.74336608027021
W 84 St & Columbus Ave,-73.97283406,40.78499979
Devoe St & Lorimer St,-73.9491033554077,40.71335226222875
St Nicholas Ave & W 150 St,-73.942722,40.827212
44 Dr & Jackson Ave,-73.9432635,40.74718234
Jerome Ave & E 164 St,-73.926226,40.831444
W 41 St & 8 Ave,-73.9900262,40.75640548
University Ave & Brandt Pl,-73.918389,40.848354
W 44 St & 5 Ave,-73.98014437,40.75500254
E 85 St & 3 Ave,-73.95407149,40.77801203
Andrew Ave N & Hall of Fame Tce,-73.91008,40.85834
Icahn Stadium,-73.92389,40.79346
Henry St & Grand St,-73.981095,40.714211
King St & Varick St,-74.00536268949507,40.72789701409023
Lorimer St & Harrison Ave,-73.94984,40.702726
6 Ave & W 34 St,-73.98805,40.74964
28 St & 41 Ave,-73.93797,40.751047
Ave D & E 10 St,-73.97515833377838,40.72506551015475
Union Ave & N 12 St,-73.95242,40.71924
30 Ave & 41 St,-73.914142,40.763422
Inwood Ave & W 170 St,-73.919228,40.840536
E 6 St & Ave D,-73.97668709,40.72228087
W 16 St & The High Line,-74.00681753,40.74334935
21 St & 36 Ave,-73.9362726,40.7601853
E 41 St & Madison Ave (SE corner),-73.979635,40.752049
Columbus Ave & W 103 St,-73.9643412291,40.7969347
Queens Plaza North & Crescent St,-73.94073717,40.75110165
Broadway & W 142 St,-73.951947,40.824686
Pleasant Ave & E 116 St,-73.9333349,40.7949879
39 Ave & 56 St,-73.90699,40.74838
Nelson Ave & W 172 St,-73.920999,40.843965
Anderson Ave & W 164 St,-73.927421,40.832057
Walton Ave & E 171 St,-73.915073,40.840683
47 Ave & 48 St,-73.91708,40.74086
W 13 St & 5 Ave,-73.99431,40.735445
Edgecombe Ave & W 150 St,-73.941427,40.826881
Southpoint Park,-73.95865201950072,40.75370225419114
W 129 St & Convent Ave,-73.95324736833572,40.814394437915816
E 10 St & Ave A,-73.98142006,40.72740794
Jerome Ave & W 177 St,-73.910765,40.850121
Fulton St & William St,-74.00655090808868,40.70960089363537
Willoughby Ave & Wyckoff Ave,-73.92153,40.705614
W 44 St & 11 Ave,-73.996975,40.762009
Onderdonk Ave & Dekalb Ave,-73.91497,40.70863
Frederick Douglass Blvd & Harlem River Dr,-73.936371,40.830702
Amsterdam Ave & W 152 St,-73.944279,40.829523
3 Ave & E 112 St,-73.941606,40.795508
W 218 St & Broadway,-73.914318,40.87139
W 144 St & Adam Clayton Powell Blvd,-73.939249,40.820877
Centre St & Worth St,-74.00234482,40.71494807
Gerard Ave & E 164 St,-73.923391,40.830262
3 Ave & Franklin Ave,-73.907451,40.82696
Norman Ave & Leonard St,-73.950815,40.725819
E 72 St & Park Ave,-73.96409422159195,40.77118287540658
Cabrini Blvd & W 177 St,-73.941343,40.848282
Newton Rd & 44 St,-73.9142678,40.7595701
27 Ave & 3 St,-73.9342,40.77485
Broadway & W 36 St,-73.98765428,40.75097711
E 103 St & Lexington Ave,-73.94755757,40.7903051
Division Ave & Hooper St,-73.9544353965357,40.70684203101325
8 Ave & W 16 St,-74.001702,40.740983
E 135 St & St Ann's Ave,-73.918889,40.805089
Onderdonk Ave & Gates Ave,-73.90737,40.70413
E 118 St & Madison Ave,-73.9442507,40.8014866
River Ave & E 151 St,-73.928939,40.822217
24 St & 41 Ave,-73.939991,40.752474
36 St & Hunters Point Ave,-73.93024072051048,40.73781699881193
E 149 St & Jackson Ave,-73.909235,40.813135
Boerum St & Broadway,-73.94976519,40.70538077
Broadway & W 160 St,-73.9434,40.835775
LaGuardia Pl & W 3 St,-73.99810231,40.72917025
Stanton St & Chrystie St,-73.99147535,40.72229346
Centre St & Chambers St,-74.0046073,40.71273266
9 Ave & W 22 St,-74.00197139,40.7454973
Graham Ave & Herbert St,-73.94500379,40.71929301
Grand Ave & 55 St,-73.91427,40.71888
20 Ave & Shore Blvd,-73.915098,40.785994
W 24 St & 7 Ave,-73.99529885,40.74487634
Center Blvd & 48 Ave,-73.957539,40.745038
E 102 St & 1 Ave,-73.94164802,40.7869946
Union Ave & Jackson St,-73.952029,40.7160751
W 54 St & 11 Ave,-73.992573,40.768333
Broadway & W 56 St,-73.98192338,40.7652654
21 St & 21 Ave,-73.914527,40.782465
E 55 St & 2 Ave,-73.96603308,40.75797322
24 Ave & 26 St,-73.918544,40.774591
Greenwich St & Hubert St,-74.010065,40.721319
Jackson St & Leonard St,-73.94821286201477,40.71638031973561
40 Ave & 9 St,-73.945133,40.75742
Cliff St & Fulton St,-74.00495,40.70838
Brook Ave & E 157 St,-73.911759,40.820713
W 76 St & Columbus Ave,-73.97728532552719,40.7801839724239
2 Ave & E 99 St,-73.94552579,40.7862586
18 St & 27 Ave,-73.92743647098541,40.772768286288304
E 84 St & Park Ave,-73.95772073,40.77862688
Greene St & Prince St,-73.99930492043495,40.72511734422387
Macombs Pl & W 152 St,-73.937948,40.826406
Kenmare St & Elizabeth St,-73.9949,40.72054
Harman St & Seneca Ave,-73.91292,40.70577
38 Ave & 29 St,-73.93367,40.75473
31 St & Northern Blvd,-73.93349289894103,40.75186951421875
W 176 St & Montgomery Ave,-73.919205,40.849629
8 Ave & W 38 St,-73.99177,40.75461
Frederick Douglass Blvd & W 115 St,-73.9559308,40.8038654
Walton Ave & E 176 St,-73.90971,40.84833
50 St & 30 Ave,-73.907107,40.760083
Albany St & Greenwich St,-74.013247,40.709267
Grand Concourse & E 175 St,-73.90931278467178,40.84627592921954
Park Pl & Church St,-74.00935515761375,40.71334184275907
W 56 St & 10 Ave,-73.988639,40.768254
Steinway St & 23 Ave,-73.9077436,40.7713937
White St & Johnson Ave,-73.93581,40.707174
E 72 St & York Ave,-73.95348296,40.76663814
43 St & Broadway,-73.9166368,40.7577284
Grand Concourse & E 171 St,-73.913004,40.839549
Irving Ave & Harman St,-73.9179,40.70108
Amsterdam Ave & W 119 St,-73.9595861,40.80863218
W 50 St & 10 Ave,-73.99194359779358,40.76473420006519
Academy St & Nagle Ave,-73.922661,40.862562
Gerard Ave & E 165 St,-73.922394,40.83173
31 Ave & 14 St,-73.9322662,40.7682
Laight St & Hudson St,-74.00771779,40.72185379
N 5 St & Wythe Ave,-73.961501,40.718389
Lenox Ave & W 117 St,-73.9490782,40.8025566
Van Dam St & Greenpoint Ave,-73.93790781497955,40.73443564069459
W 52 St & 6 Ave,-73.97982001304626,40.76132983124814
Frost St & Meeker Ave,-73.94880026578903,40.71766197083994
Columbus Ave & W 95 St,-73.968087,40.7919557
Bank St & Hudson St,-74.00618026,40.73652889
48 St & Skillman Ave,-73.91616314649582,40.74622874694195
Madison St & Montgomery St,-73.984844,40.713126
Delancey St & Eldridge St,-73.991479,40.719383
Ditmars Blvd & 19 St,-73.9183302,40.78145
West End Ave & W 60 St,-73.99005,40.77237
5 Ave & E 30 St,-73.98629487,40.7459849
Bedford Ave & S 9 St,-73.96408963,40.70853074
Orchard St & Grand St,-73.99067759513855,40.717318403855785
Edgecombe Ave & W 167 St,-73.936085,40.838191
W 42 St & Dyer Ave,-73.99379968643188,40.75898481399634
Church St & Worth St,-74.00650128722191,40.71688538495366
E 58 St & Madison Ave,-73.97209525108337,40.76302594280519
Margaret Corbin Plz & Ft Washington Ave,-73.933872,40.859166
E 141 St & Jackson Ave,-73.911837,40.806896
St Nicholas Ave & W 134 St,-73.948222,40.816234
Sharon St & Olive St,-73.93865078687668,40.71534162042448
Grand Army Plaza & Central Park S,-73.97371465,40.7643971
Lafayette St & Jersey St,-73.99565293,40.72456089
Lenox Ave & W 111 St,-73.9523,40.7987859
Kent Ave & N 7 St,-73.96165072917938,40.72036775298455
S 4 St & Wythe Ave,-73.96590294,40.71285887
McKibbin St & Manhattan Ave,-73.94407279,40.70510918
Nagle Ave & Thayer St,-73.925591,40.861382
W 120 St & Claremont Ave,-73.9634,40.8109494
Frederick Douglass Blvd & W 139 St,-73.94476890563965,40.81900581806558
Waterbury St & Stagg St,-73.93734,40.71019
34 Ave & 38 St,-73.921631,40.756913
Cleveland Pl & Spring St,-73.99724900722504,40.722103786686034
Lexington Ave & E 36 St,-73.9788007736206,40.7475739589548
MacDougal St & Prince St,-74.00297088,40.72710258
31 St & Astoria Blvd,-73.9184057,40.7699176
Willis Ave & E 137 St,-73.923604,40.808384
E 20 St & 2 Ave,-73.98205027,40.73587678
Featherbed Ln & Jerome Ave,-73.914311,40.845505
N 6 St & Bedford Ave,-73.95850939,40.71745169
W 37 St & 5 Ave,-73.98338988,40.75038009
Crescent St & Broadway,-73.9286471,40.7633589
W 100 St & Manhattan Ave,-73.9645,40.795
W 87 St & Amsterdam Ave,-73.9747,40.78839
E 153 St & E 157 St,-73.929327,40.826677
E 134 St & Walnut Ave,-73.911034,40.800425
W 51 St & Rockefeller Plaza,-73.97811613976955,40.75973805251143
Graham Ave & Grand St,-73.944024,40.711863
E 17 St & Broadway,-73.99009296,40.73704984
Murray St & Greenwich St,-74.01122331619263,40.71485150526252
Irving Ave & DeKalb Ave,-73.92095,40.7027
St James Pl & Oliver St,-73.99851193,40.71307916
Adam Clayton Powell Blvd & W 123 St,-73.949373,40.8078316
35 Ave & 10 St,-73.93985509872437,40.76315481910373
E 16 St & Irving Pl,-73.98797392845154,40.735367055605394
Monitor St & Meeker Ave,-73.941845,40.721226
W 95 St & Broadway,-73.971888,40.7937704
31 Ave & 30 St,-73.9240312,40.7647
36 Ave & 31 St,-73.92957486212252,40.75651272984955
E 17 St & 2 Ave,-73.98372530937195,40.73431166276575
E 106 St & 1 Ave,-73.93956237,40.7892529
E 138 St & Grand Concourse,-73.930605,40.813224
Pearl St & York St,-73.98768022656441,40.70140463410644
48 St & 50 Ave,-73.91803,40.73737
W 37 St & Broadway,-73.98770570755005,40.75227093837409
Westchester Ave & Jackson Ave,-73.908116,40.816124
McGuinness Blvd & Eagle St,-73.95284,40.73555
57 St & Woodside Ave,-73.9072778339874,40.74578861252213
Harrison Pl & Porter Ave,-73.92851,40.70686
E 138 St & Cypress Ave,-73.914718,40.805559
W 27 St & 7 Ave,-73.993915,40.746647
Ave A & E 11 St,-73.98175925016403,40.72854745023944
57 St & 43 Ave,-73.908,40.74324
Madison Ave & E 51 St,-73.97513,40.75863
33 St & Queens Blvd,-73.93172398209572,40.7443653191867
W 110 St & Amsterdam Ave,-73.96295,40.802692
Creston Ave & E 178 St,-73.906469,40.850885
Leonard St & Maujer St,-73.94705951213837,40.7103685423523
Broadway & W 58 St,-73.98169333,40.76695317
E 53 St & Madison Ave,-73.97402311,40.7597108
10 Ave & W 215 St,-73.91519755125046,40.86932465640094
E 161 St & River Ave,-73.927111,40.827883
5 Ave & W 126 St,-73.9418,40.80722
E 156 St & Courtlandt Ave,-73.9173299074173,40.82123860172
6 Ave & Broome St,-74.00473,40.72431
45 Ave & 21 St,-73.94777297973631,40.74737075646803
Forsyth St & Canal St,-73.99422366,40.7158155
W 56 St & 6 Ave,-73.97722479,40.76340613
Vesey Pl & River Terrace,-74.01658354,40.7153379
E 51 St & 2 Ave,-73.967641,40.755293
Engert Ave & McGuinness Blvd,-73.94546,40.72158
E 25 St & 1 Ave,-73.97738662,40.7381765
43 St & 35 Ave,-73.919543,40.754139
Rutgers St & Henry St,-73.99009689688683,40.71332151208186
44 St & 48 Ave,-73.92131969332695,40.73941387498411
White St & Moore St,-73.9351,40.704508
S 3 St & Bedford Ave,-73.96264403,40.71260486
W 64 St & Thelonious Monk Circle,-73.98918695747852,40.77515953434235
W 78 St & Broadway,-73.98093133,40.78339981
Mt Morris Park W & W 120 St,-73.945925,40.804038
E 117 St & 1 Ave,-73.93459528684616,40.79656826080296
N 12 St & Bedford Ave,-73.95484712,40.72079821
3 Ave & E 100 St,-73.94728331,40.7877214
1 Ave & E 44 St,-73.96905301,40.75001986
Lenox Ave & W 140 St,-73.938787,40.817245
Ave C & E 16 St,-73.97455215454102,40.72984830346529
E 169 St & Webster Ave,-73.908863,40.834015
2 Ave & E 122 St,-73.9349,40.8006721
Metropolitan Ave & Bedford Ave,-73.96024116,40.71534825
Mercer St & Bleecker St,-73.99662137031554,40.72706363348306
11 Ave & W 41 St,-73.99884222,40.76030096
Crescent St & 30 Ave,-73.9249574,40.768692
E 74 St & 1 Ave,-73.95482273,40.7689738
Greenpoint Ave & 47 St,-73.91808,40.7424
1 Ave & E 18 St,-73.98054420948029,40.73381219196632
36 St & 47 Ave,-73.92935156822205,40.74221834996096
E 40 St & 5 Ave,-73.9816324043,40.752062307
E 5 St & Ave A,-73.98430064320564,40.72479007746337
2 Ave & E 31 St,-73.97706058,40.74290902
6 Ave & W 45 St,-73.982631,40.756951
W 230 St & Marble Hill Ave,-73.90796,40.87807
E 11 St & 3 Ave,-73.98849,40.73127
Audubon Ave & Fort George Ave,-73.92717361450195,40.85715781391904
E 7 St & Ave C,-73.97901266813278,40.72412944090093
N 15 St & Wythe Ave,-73.955736,40.724055
Riverside Dr & Broadway,-73.92791,40.865364
E 19 St & 3 Ave,-73.98473765,40.73624527
Grand Concourse & E 167 St,-73.917641,40.834263
Amsterdam Ave & W 60 St,-73.98699113854883,40.77114812219016
St Nicholas Ave & W 126 St,-73.9518776,40.8114323
Old Slip & South St,-74.007867872715,40.70336686695866
45 Rd & 11 St,-73.94977234,40.74708586
Buchanan Pl & Grand Ave,-73.90626,40.85834
E 39 St & 2 Ave,-73.973827958107,40.74803319428767
Forsyth St & Broome St,-73.99266288,40.71893904
South St & Pike St,-73.99161100387573,40.70991806921533
E 132 St & Madison Ave,-73.937195,40.810224
E 77 St & 3 Ave,-73.95856158,40.77314236
Stewart Ave & Johnson Ave,-73.92587,40.70869
St Nicholas Ave & W 157 St,-73.94102,40.832314
Carmine St & 6 Ave,-74.00214988,40.73038599
31 Ave & Crescent St,-73.9265474,40.7658346
Riverside Dr & W 138 St,-73.955857,40.823168
University Ave & W Burnside Ave,-73.910751,40.85501
Plaza Dr & W 170 St,-73.917946,40.840484
38 St & Northern Blvd,-73.925384,40.752372
E 56 St & 3 Ave,-73.96759673,40.75934501
46 Ave & 5 St,-73.95451,40.74731
Gramercy Park N & Gramercy Park E,-73.98509,40.73795
West End Ave & W 107 St,-73.9681805305,40.8021174
Greenwich St & Rector St,-74.0135595202446,40.70806582380646
W 36 St & 9 Ave,-73.99516761302948,40.75462324029105
W 47 St & 10 Ave,-73.99301222,40.76269882
57 Rd & 59 St,-73.90854,40.72249
Greene Ave & Grandview Ave,-73.907856,40.709697
8 Ave & W 27 St,-73.996637,40.747968
Grand St & Greene St,-74.00238141417502,40.72170005235607
Riverside Dr & W 91 St,-73.97700369358063,40.79313480986663
Evergreen Ave & Noll St,-73.93318,40.70106
Central Park W & W 97 St,-73.96417066463071,40.79249519495111
43 St & 37 Ave,-73.919998,40.750181
Sullivan St & Washington Sq,-73.99906065,40.73047747
E 138 St & Willow Ave,-73.911545,40.804168
W 30 St & 10 Ave,-74.002353,40.752694
Bleecker St & Crosby St,-73.99510189890862,40.72615604980408
E 32 St & Park Ave,-73.98194829,40.7457121
W 27 St & 6 Ave,-73.99062,40.74526
Featherbed Ln & Nelson Ave,-73.919637,40.846011
W 47 St & 9 Ave,-73.99007007479668,40.76153045158114
Broadway & 12 St,-73.9347774,40.7668
E 81 St & York Ave,-73.94989233,40.7728384
5 Av & W 139 St,-73.935856,40.815484
7 Ave & Central Park South,-73.9790689945221,40.7667405590595
31 Pl & Hunters Point Ave,-73.93537044525146,40.74021356884924
W 42 St & 6 Ave,-73.98455,40.75492
W 204 St & Vermilyea Ave,-73.922648,40.866141
E 11 St & Ave B,-73.97950418293476,40.72746420692392
S 2 St & Kent Ave,-73.966612,40.714731
Bank St & Washington St,-74.00859207,40.7361967
Broadway & W 29 St,-73.98855723,40.7462009
Lincoln Ave & E 134 St,-73.928803,40.808484
5 Ave & E 63 St,-73.971518,40.766368
Shore Blvd & Astoria Park,-73.923162,40.77977
31 St & Newtown Ave,-73.9209334552288,40.7675487799971
E 149 St & Park Ave,-73.925294,40.818154
Jay St & York St,-73.98672670125961,40.70140317257725
W 20 St & 7 Ave,-73.99726235,40.74238787
W 111 St & 5 Ave,-73.9489397406578,40.79752078124756
Broadway & W 51 St,-73.98336183,40.76228826
Humboldt St & Varet St,-73.940636,40.7031724
Bushwick Ave & McKibbin St,-73.93936,40.705517
E 60 St & York Ave,-73.959223,40.759107
W 35 St & 9 Ave,-73.9960889518261,40.75414519263519
Broadway & 51 St,-73.908906,40.754164
Grand Ave & W 181 St,-73.907302,40.856302
39 Ave & 54 St,-73.90899,40.74891
35 St & 34 Ave,-73.9242751,40.7580583
Beaver St & Fayette St,-73.93921,40.70099
E Houston St & Columbia St,-73.97871628403664,40.71978635452822
Scholes St & Manhattan Ave,-73.9448625,40.70870368
W 55 St & 6 Ave,-73.978434,40.763189
51 St & Queens Blvd,-73.91395,40.7429
Grand St & Samuel Dickstein Plaza,-73.98417055606842,40.71511871996496
Menahan St & Wyckoff Ave,-73.91422,40.70113
Broadway & Kent Ave,-73.968329,40.710888
51 St & Hobart St,-73.90769943594933,40.75767234025041
Lenox Ave & W 115 St,-73.9500739,40.8011939
Old Broadway & W 133 St,-73.955277,40.818212
W 204 St & Nagle Ave,-73.920827,40.863211
W 135 St & Lenox Terrace Pl,-73.939336,40.813619
Driggs Ave & N 9 St,-73.95520135760307,40.71816969454208
W 20 St & 8 Ave,-74.00004031,40.74345335
Suffolk St & Stanton St,-73.98517977,40.72066442
Amory Ct & Metropolitan Ave,-73.90968,40.71301
Morgan Ave & Lombardy St,-73.93889,40.72226
Broadway & W 61 St,-73.9819684624672,40.77003010255044
Townsend Ave & E 175 St,-73.911359,40.84741
Frederick Douglass Blvd & W 129 St,-73.9492286,40.8125511
1 Ave & E 94 St,-73.94594,40.7817212
E 2 St & Ave B,-73.98368779,40.72217444
W 82 St & Central Park West,-73.97137,40.78275
Audubon Ave & W 179 St,-73.933291,40.847305
Fort Washington Ave & W 183 St,-73.937854,40.852252
Bergen Ave & E 152 St,-73.914737,40.817166
Amsterdam Ave & W 189 St,-73.92715752124786,40.85318758861975
E 25 St & 2 Ave,-73.97973776,40.73912601
E 82 St & East End Ave,-73.9468208,40.7724607
Lexington Ave & E 111 St,-73.9441232,40.7954121
Broadway & W 153 St,-73.946665,40.831327
10 Ave & W 28 St,-74.00176802,40.75066386
Page Pl & Grand Ave,-73.91818,40.71798
Motorgate,-73.9477213,40.7639089
E 13 St & 2 Ave,-73.9853024482727,40.73153937464073
W 116 St & Amsterdam Ave,-73.9607082,40.8067581
Broadway & W 220 St,-73.912807,40.872412
Ave D & E 3 St,-73.97793172,40.72082834
Brook Ave & E 148 St,-73.915368,40.814383
E 128 St & 3 Ave,-73.934077,40.805631
Graham Ave & Conselyea St,-73.944507,40.715143
W 54 St & 6 Ave,-73.977242,40.761865
E 39 St & Lexington Ave,-73.97729203113158,40.7494985460252
5 Ave & E 72 St,-73.96685276,40.77282817
2 Ave & E 29 St,-73.97809267044067,40.74172351097472
E 10 St & 2 Ave,-73.9865979552269,40.72970805644994
St Nicholas Ave & W 155 St,-73.941323,40.830663
Central Park North & Adam Clayton Powell Blvd,-73.955613,40.799484
25 Ave & 41 St,-73.910963,40.767666
Madison Ave & E 82 St,-73.96069399,40.7781314
Watts St & Greenwich St,-74.00965965,40.72405549
W 31 St & 7 Ave,-73.9916,40.749156
W 168 St & Ft Washington Ave,-73.9422395825386,40.84210236102173
Bushwick Ave & Powers St,-73.94100005,40.71247661
Main St & Plymouth St,-73.99073392152786,40.70378167354831
Thompson St & Bleecker St,-73.99968780577183,40.72840059450829
W 225 St & Exterior St,-73.906646,40.873265
E 47 St & Park Ave,-73.97498696,40.75510267
50 St & Barnett Ave,-73.91349703073502,40.750097682094825
W 30 St & 8 Ave,-73.9952078461647,40.74965268472847
W 52 St & 11 Ave,-73.99392888,40.76727216
Great Jones St,-73.99379025,40.72743423
Lexington Ave & E 128 St,-73.936085,40.806414
E 142 St & 3 Ave,-73.923697,40.812735
Bridge St & York St,-73.98471236228943,40.70133448066992
Frederick Douglass Blvd & W 145 St,-73.941928,40.823061
Broadway & Whipple St,-73.9437303,40.7016657
W 104 St & Amsterdam Ave,-73.96649479866028,40.79904139288298
48 St & Broadway,-73.912715,40.755763
Lispenard St & Broadway,-74.00247214,40.71939226
Nelson Ave & 167 St,-73.92608866095543,40.83670566862804
Barclay St & Church St,-74.01020234,40.71291224
University Ave & Macombs Rd,-73.9161206,40.8496401
E 161 St & Park Ave,-73.916407,40.824811
Concourse Village East & E 158 St,-73.919379,40.823732
W 155 St & Frederick Douglass Blvd,-73.936996,40.82923
Grand Concourse & E 144 St,-73.927987,40.816576
Crescent St & Ditmars Blvd,-73.9145645,40.7787185
Christopher St & Greenwich St,-74.00711384,40.73291553
Vernon Blvd & 47 Rd,-73.9534573,40.7449067
43 St & 50 Ave,-73.92264068126678,40.73787237950538
Macombs Rd & Featherbed Ln,-73.91722,40.84552
Murray St & West St,-74.01246,40.71503
W Fordham Rd & Loring Pl N,-73.90741,40.86295
42 Pl & Northern Blvd,-73.920603,40.753091
Metropolitan Ave & Vandervoort Ave,-73.93323,40.71429
6 Ave & W 33 St,-73.98848395,40.74901271
1 Ave & E 68 St,-73.95818491,40.76500525
W 89 St & Columbus Ave,-73.97041561,40.7882213
Forsyth St & Grand St,-73.99316132068634,40.71779817737835
Hudson Blvd W & W 36 St,-73.99971440439913,40.75676475086503
5 Ave & E 103 St,-73.95249933,40.7922553
Grand Concourse & E 156 St,-73.924689,40.823429
24 St & 38 Ave,-73.936515,40.756351
48 Ave & 37 St,-73.92886072397232,40.74034668087185
River Ave & McClellan St,-73.92243,40.83406
Henry St & Middagh St,-73.991581,40.7003
Adam Clayton Powell Blvd & W 118 St,-73.951475,40.804372
54 St & 37 Ave,-73.90799,40.75098
34 St & 38 Ave,-73.929737,40.752443
Skillman Ave & 43 Ave,-73.93215849995613,40.74653761978055
W 63 St & Broadway,-73.98261428,40.77163851
Washington Ave & E 167 St,-73.907618,40.829896
27 St & Hunter St,-73.941275,40.7485
East End Ave & E 86 St,-73.94446054,40.77518615
E 76 St & Park Ave,-73.96222088,40.773763
Amsterdam Ave & W 66 St,-73.98470567,40.7746671
Eagle St & Manhattan Ave,-73.954926,40.735217
Bayard St & Leonard St,-73.94885390996933,40.71915571696044
Driggs Ave & N Henry St,-73.94308,40.72325
E 43 St & Madison Ave,-73.97896572947502,40.75354681867074
Front St & Jay St,-73.986842,40.702461
Pearl St & Hanover Square,-74.00926027,40.7047177
Sherman Ave & E 166 St,-73.91744792461395,40.83130549267296
E 167 St & Clay Ave,-73.91125,40.83094
23 St & 31 Ave,-73.9286595582962,40.76663971723091
E 47 St & 2 Ave,-73.97032517,40.75323098
W 51 St & 6 Ave,-73.98042047,40.7606597
E 58 St & 3 Ave,-73.96724467,40.76095756
W 17 St & 7 Ave,-73.99852573871613,40.74056423633952
W 106 St & Amsterdam Ave,-73.9664492472,40.8008363
W 218 St & Indian Rd,-73.91837194561958,40.873054589370895
Broadway & E 14 St,-73.99074142,40.73454567
W 165 St & Fort Washington Ave,-73.942939,40.84004
Newtown Ave & 23 St,-73.9246145,40.7713615
E 149 St & Eagle Ave,-73.91186,40.814046
E 91 St & Park Ave,-73.955327,40.7835016
E 88 St & 1 Ave,-73.9488134,40.778301
Metropolitan Ave & Flushing Ave,-73.91572,40.71334
W 146 St & Broadway,-73.949738,40.826969
Madison St & Cypress Ave,-73.90742,40.70068
Amsterdam Ave & W 73 St,-73.98093044757842,40.77966809007312
E 23 St & 1 Ave,-73.97809472,40.736502
Lexington Ave & E 26 St,-73.983293,40.741459
1 Ave & E 39 St,-73.97113,40.74714
47 Ave & 31 St,-73.93561,40.743
E 44 St & Lexington Ave,-73.974996,40.752643
Columbia St & Rivington St,-73.98016555,40.71739973
Crescent St & 34 Ave,-73.930562,40.76108
John St & William St,-74.00722156,40.70862144
Mott St & Prince St,-73.99480012,40.72317958
W 22 St & 8 Ave,-73.99915362,40.74475148
W Tremont Ave & Matthewson Rd,-73.920765,40.853827
23 Ave & 27 St,-73.9153175,40.776165
50 St & Northern Blvd,-73.912402,40.753441
Amsterdam Ave & W 167 St,-73.937044,40.839443
W 70 St & Amsterdam Ave,-73.98288594,40.77748046
21 St & 38 Ave,-73.9391224,40.7576314
Spruce St & Gold St,-74.0043228,40.7103231
W 113 St & Broadway,-73.964928,40.805973
E 13 St & Ave A,-73.98067966103554,40.72966729392978
E 4 St & 2 Ave,-73.98978041,40.7262807
Washington St & Barrow St,-74.008769094944,40.73191132323174
Reade St & Broadway,-74.00562789,40.71450451
E 30 St & Park Ave S,-73.98303529,40.74444921
W 13 St & 7 Ave,-73.99994661,40.73781509
Morningside Ave & W 123 St,-73.9551508,40.81
W 20 St & 5 Ave,-73.99103969335556,40.73972989238724
W 106 St & Central Park West,-73.9605909006,40.7981856
W 186 St & St Nicholas Ave,-73.931308,40.852253
W Broadway & W Houston St,-74.000472,40.726378
W 34 St & 11 Ave,-74.0021163,40.75594159
Vernon Blvd & 50 Ave,-73.95411749,40.74232744
Powers St & Olive St,-73.93894,40.71323
Gerard Ave & E 146 St,-73.92965,40.817755
Ash St & Manhattan Ave,-73.954867,40.738095
W 140 St & Riverside Dr,-73.954743,40.824013
10 Ave & W 207 St,-73.918598,40.864632
1 Ave & E 30 St,-73.97536082,40.74144387
W 53 St & 10 Ave,-73.99061728,40.76669671
North Moore St & Greenwich St,-74.0103006362915,40.72019521437465
Wyckoff Ave & Stanhope St,-73.917775,40.703545
36 St & Ditmars Blvd,-73.908335,40.774306
Withers St & Kingsland Ave,-73.94051,40.71773
7 Ave S & Bleecker St,-74.00363802909851,40.73213896287381
47 Ave & Skillman Ave,-73.94176483154297,40.7437524099784
40 St & Queens Blvd,-73.92435193061829,40.743540273428685
Perry St & Bleecker St,-74.00483091,40.73535398
Washington Pl & Broadway,-73.99404649,40.72903917
South St & Whitehall St,-74.01234218,40.70122128
Washington Ave & E 163 St,-73.91089,40.824
Jefferson St & Cypress Ave,-73.92157,40.70907
8 Ave & W 24 St,-73.99807110428809,40.74591072834279
Broadway & W 131 St,-73.957163,40.817555
E 149 St & Morris Ave,-73.922962,40.81734
W 17 St & 8 Ave,-74.00149746,40.74177603
21 Ave & Crescent St,-73.912212,40.780478
St Mary's St & Jackson Ave,-73.91081,40.808891
Amsterdam Ave & W 82 St,-73.97667321,40.78524672
Courtlandt Ave & E 149 St,-73.919549,40.816402
Melrose Ave & E 154 St,-73.916071,40.819609
West St & Chambers St,-74.01322069,40.71754834
College Ave & E 169 St,-73.91196817159653,40.835122799036405
39 St & 47 Ave,-73.92662644386292,40.74215636827728
Fairview Ave & Linden St,-73.90632,40.70694
Driggs Ave & S 2 St,-73.960575,40.712628
W 159 St & Edgecombe Ave,-73.939326,40.833303
E 114 St & 1 Ave,-73.9362541,40.7945663
W 29 St & 9 Ave,-73.99839279,40.7500727
W 22 St & 10 Ave,-74.00451887,40.74691959
Willis Ave & E 141 St,-73.921606,40.81093
St Ann's Ave & E 144 St,-73.914932,40.811112
E 6 St & 2 Ave,-73.98840844631195,40.72737869323223
W 163 St & Edgecombe Ave,-73.937496,40.835798
40 Ave & Crescent St,-73.93795609474182,40.7535992020056
Madison Ave & E 26 St,-73.98671329021454,40.742684734875695
W 36 St & 7 Ave,-73.989539,40.752149
21 St & 31 Dr,-73.930819,40.7659
Amsterdam Ave & W 172 St,-73.935111,40.842173
Broadway & W 122 St,-73.9612547,40.8120562
Sedgwick Ave & W Burnside Ave,-73.916661,40.854947
Greenwich St & W Houston St,-74.008591,40.728846
Bedford Ave & Nassau Ave,-73.95212324,40.72311651
E 26 St & 3 Ave,-73.98160636425018,40.74069317733043
River Ter & Warren St,-74.01587963104248,40.71759894980997
5 Ave & E 135 St,-73.937838,40.812191
W 48 St &  Rockefeller Plaza,-73.97929430007935,40.75776935448309
Willoughby Ave & Onderdonk Ave,-73.91727,40.7098
N 9 St & Wythe Ave,-73.959,40.72054
W 15 St & 7 Ave,-73.99931783,40.73935542
Peck Slip & South St,-74.00108054280281,40.7075188830923
W 181 St & Riverside Dr,-73.94186,40.85168
E 43 St & 2 Ave,-73.97121414,40.75022392
31 St & 21 Ave,-73.90842,40.77813
E 2 St & 2 Ave,-73.99069656,40.72502876
10 Ave & W 204 St,-73.92006,40.862638
Leonard St & Boerum St,-73.94644578,40.70583339
Washington St & Laight St,-74.0106,40.72231
Water St & Gouverneur Ln,-74.00803416967392,40.70469667894968
35 St & Broadway,-73.9222427,40.760339
Willow Ave & E 133 St,-73.913863,40.800933
Bailey Ave & W 193 St,-73.90678,40.87069
University Ave & W 168 St,-73.927034,40.838706
Norfolk St & Broome St,-73.98802084,40.7172274
Broadway & W 37 St,-73.98753523,40.75172632
Knickerbocker Ave & George St,-73.92836,40.704425
W 147 St & Adam Clayton Powell Blvd,-73.937413,40.82281
Grand Concourse & E 166 St,-73.91956,40.83196
Bayard St & Baxter St,-73.99974372,40.71602118
E 133 St & Cypress Pl,-73.9174,40.80262
E 77 St & 1 Ave,-73.95356208096926,40.77095553869235
Hope St & Union Ave,-73.95141312,40.71167351
30 Ave & 21 St,-73.9286078,40.7703743
Adam Clayton Powell Blvd & W 151 St,-73.936232,40.825289
E 66 St & Madison Ave,-73.96845281124115,40.76800889305947
W 54 St & 9 Ave,-73.98690506,40.76584941
Riverside Dr & W 153 St,-73.949702,40.832164
34 St & 35 Ave,-73.9262231,40.7569332
Pier 40 - Hudson River Park,-74.01129573583603,40.7277140777778
Liberty St & Broadway,-74.01043382,40.70905623
9 Ave & W 45 St,-73.9912551,40.76019252
Kent St & McGuinness Blvd,-73.95161,40.73124
28 Ave & 35 St,-73.9169858,40.7671
Skillman Ave & Honeywell St,-73.92902433872223,40.7471482490328
E 33 St & 1 Ave,-73.97449783980846,40.74322681432173
E 51 St & 1 Ave,-73.96592976,40.75455731
34 Ave & 48 St,-73.914952,40.75388
W 160 St & St Nicholas Ave,-73.939865,40.834468
Water St & Fletcher St,-74.00559738278389,40.706410755236135
E 22 St & 2 Ave,-73.98122549057007,40.73716919369882
46 St & 25 Ave,-73.90676,40.765753
12 Ave & W 125 St,-73.960405,40.818299
Walton Ave & E 153 St,-73.926907,40.822351
1 Ave & E 62 St,-73.96094022,40.7612274
Union Ave & Wallabout St,-73.95032283,40.70029511
Greenwich St & Perry St,-74.00697,40.73498
Harlem River Dr & W 155 St,-73.939929,40.830476
W 15 St & 10 Ave,-74.00747358798981,40.74275382865903
E 158 St & Melrose Ave,-73.914688,40.822215
53 St & Roosevelt Ave,-73.91143,40.74462
E 165 St & Jerome Ave,-73.925101,40.83263
E 4 St & Ave B,-73.98265913128853,40.72334683218016
E 115 St & Madison Ave,-73.944846,40.7989445
Market St & Cherry St,-73.99400398,40.71076228
Metropolitan Ave & Meeker Ave,-73.95234386,40.71413311
E 9 St & 5 Ave,-73.99581670761108,40.73275887045087
9 Ave & W 18 St,-74.00366443,40.74317449
Marble Hill Ave & W 227 St,-73.90941,40.87655
Adams St & Prospect St,-73.98869812488556,40.70076308326151
21 St & Queens Plaza North,-73.94335788,40.75325964
Webster Ave & E 166 St,-73.911259,40.828975
Sheridan Ave & E 172 St,-73.911479,40.840494
36 St & Queens Blvd,-73.92901,40.74408
E 81 St & Park Ave,-73.9590097,40.77677702
Pitt St & Stanton St,-73.98178024,40.71926081
E 2 St & Ave A,-73.98583620786667,40.72307749068673
Spruce St & Nassau St,-74.00552427,40.71146364
Astoria Park S & Shore Blvd,-73.927631,40.7767
Amsterdam Ave & W 131 St,-73.954295,40.816355
Lenox Ave & W 126 St,-73.9452087,40.808442
Marcy Ave & Lynch St,-73.953168,40.702753
E 12 St & Ave C,-73.976831,40.727243
Cooper Square & Astor Pl,-73.99075269699097,40.72951496224949
South End Ave & Albany St,-74.016538,40.709957
Dyckman St & Henshaw St,-73.92936,40.867357
Perry St & Greenwich Ave,-74.000939,40.735918
Willis Ave & E 143 St,-73.92037,40.812299
10 Ave & W 14 St,-74.00831580162048,40.74198159994023
Stagg St & Union Ave,-73.95095259,40.70877084
35 Ave & 37 St,-73.9236611,40.7557327
Frederick Douglass Blvd & W 117 St,-73.954692,40.805159
E 1 St & 1 Ave,-73.98864984512329,40.72335597960796
Washington St & Gansevoort St,-74.008119,40.739323
36 Ave & 10 St,-73.9411265,40.7614376
E 9 St & Ave C,-73.97768752,40.72521311
Bradley Ave & Greenpoint Ave,-73.93478840589523,40.73565914819229
Adam Clayton Powell Blvd & W 130 St,-73.946168,40.812346
St Marks Pl & 1 Ave,-73.98564945,40.72779126
Maiden Ln & Pearl St,-74.00731853,40.70706456
12 Ave & W 40 St,-74.00277668,40.76087502
28 Ave & 44 St,-73.91065120697021,40.76408932350688
48 St & Barnett Ave,-73.91540944576263,40.75001640425933
3 Ave & E 163 St,-73.908699,40.823872
W 190 St & St Nicholas Ave,-73.929513,40.854788
56 St & Arnold Ave,-73.909,40.71484
Willis Ave & Bruckner Blvd,-73.925177,40.805701
Metropolitan Ave & Stewart Ave,-73.92793,40.71401
Allen St & Stanton St,-73.989111,40.722055
Bradhurst Ave & W 148 St,-73.941616,40.825125
57 Rd & 58 St,-73.91215,40.72235
E 97 St & 3 Ave,-73.94860294,40.7859201
E 50 St & Park Ave,-73.974235,40.757334
Steinway St & 28 Ave,-73.9136695,40.7656251
E 2 St & Ave C,-73.98085795,40.7208736
Pike St & Monroe St,-73.99193043,40.71173107
W 33 St & 10 Ave,-73.99937599897385,40.75377336836039
Bushwick Ave & Forrest St,-73.93641,40.70076
Central Park W & W 103 St,-73.96188408136368,40.79558954105342
E 44 St & 2 Ave,-73.97138714790344,40.75118387463277
Dyckman St & 10 Ave,-73.9230939745903,40.85890447538412
Calyer St & Jewel St,-73.94839,40.72984
1 Ave & E 16 St,-73.98165557,40.73221853
West St & Liberty St,-74.014847,40.711444
Wales Ave & E 147 St,-73.907729,40.811314
E 97 St & Madison Ave,-73.953559,40.787801
59 St & 59 Rd,-73.908454477787,40.71790852734058
E 47 St & 1 Ave,-73.96784384,40.75206862
Lincoln Ave & E 138 St,-73.927311,40.810893
Milton St & Franklin St,-73.95779,40.72906
E 67 St & Park Ave,-73.96592080593109,40.76780080148132
Van Dam St & Meeker Ave,-73.9368,40.72532
9 Ave & W 219 St,-73.911503,40.871094
Menahan St & Onderdonk Ave,-73.9096,40.70553
W 87 St & West End Ave,-73.97757,40.789622
Bialystoker Pl & Delancey St,-73.98261206,40.71622644
Frederick Douglass Blvd & W 112 St,-73.957145,40.801694
N 11 St & Kent Ave,-73.95921930670738,40.72248188638219
3 Ave & E 62 St,-73.96526895,40.76312584
Bus Slip & State St,-74.013942,40.701907
College Ave & E 170 St,-73.910489,40.837576
